id;date_identification;description;pilote;type;bu;commentaire;afficher
1;2021-03-02;Right-sized deposit;Rand Loti;MENACE;HDD engineer cohesive;Comoros;false
2;2021-03-02;Steel vortals Ergonomic Plastic Chicken;models;OPPORTUNITE;Producer SSL Cross-platform;Auto Loan Account;false
3;2021-03-02;Grocery Plastic;Washington Rwanda Franc;OPPORTUNITE;Grocery;front-end TCP Bhutan;true
4;2021-03-02;hacking;networks;MENACE;red Stream;Synchronised;false
5;2021-03-02;payment;Human distributed;MENACE;protocol quantifying New Zealand Dollar;zero administration payment;true
6;2021-03-02;black Flat Grocery;Home Loan Account;FORCE;Avon pixel networks;indigo;true
7;2021-03-02;Unbranded Granite Gloves Borders Tasty Cotton Table;bandwidth Research;FAIBLESSE;Consultant Wisconsin reciprocal;solution-oriented global Representative;false
8;2021-03-02;California Data Avenue;Markets;OPPORTUNITE;Handmade Rubber Tuna Health Cape Verde Escudo;algorithm Open-architected neural-net;false
9;2021-03-02;XML;Future Direct Sports;FAIBLESSE;24/7 auxiliary;Fully-configurable Senior compress;false
10;2021-03-02;SSL Producer;Administrator;FORCE;Ramp;generating;false
