id;processus;axedelapolitiqueqse;objectifqse;indicateur;origine
1;Corner client-driven Personal Loan Account;Heard Island and McDonald Islands;solution;Computers Markets Ball;olive synthesize
2;black invoice;Lakes portals Supervisor;Optimization Land;withdrawal Yemen Fresh;Investment Account
3;Handcrafted SMS optimize;Group;Fresh;application Gorgeous Wooden Bacon Vermont;Spurs Chief Ouguiya
4;Quality-focused Directives;Rwanda Franc;View;fuchsia Small deposit;Tasty Fresh Shirt Rubber Fall
5;solution Concrete vortals;withdrawal Tuvalu;Intranet;local area network Money Market Account indigo;program strategize Hollow
6;Identity;Avon solution-oriented;Stream cross-platform;online portals;transition Illinois
7;Vision-oriented back up Lebanese Pound;CFA Franc BCEAO Liaison markets;Optimized Berkshire Manat;Plastic;Auto Loan Account cutting-edge throughput
8;Practical Concrete Shirt Car Nevada;User-friendly;Personal Loan Account;Toys Pants;Tasty
9;CSS Solutions;RSS object-oriented;payment bandwidth alarm;Egypt;TCP models
10;Universal Handmade Metal Tuna Cheese;interfaces cross-platform;Borders;Gorgeous Concrete Sausages;Handmade reboot
